app,version,positive_pct
bat,v0.22.1,0.0
broot,v1.19.0,0.0
delta,0.15.1,0.0
dua,v2.19.0,0.0
fd,v8.6.0,0.0
fzf,0.37.0,4.054054054054054
gitui,v0.22.1,0.0
gopass,1.15.3,0.0
kondo,v0.5,0.0
lf,r28,1.3513513513513513
ots,v0.2.0,2.7027027027027026
procs,v0.13.3,0.0
qrcp,0.9.1,0.0
qrscan,0.1.7,0.0
rclone,v1.61.1,0.0
tere,1.4.0,0.0
termscp,v0.10.0,0.0
tokei,v12.1.2,0.0
ugrep,v3.9.6,0.0
watchexec,1.21.0,0.0
